<?xml version="1.0" encoding="utf-8"?>
<layer-list xmlns:android="http://schemas.android.com/apk/res/android">
    <item android:id="@android:id/background">
        <shape>
            <gradient
                android:startColor="@color/line_color_gray"
                android:centerColor="@color/line_color_gray"
                android:centerY="0.75"
                android:endColor="@color/blackTransprent"
                android:angle="270"
                />
        </shape>
    </item>

    <item android:id="@android:id/secondaryProgress">
        <clip>
            <shape>
                <gradient
                    android:startColor="#80ffd300"
                    android:centerColor="#80ffb600"
                    android:centerY="0.75"
                    android:endColor="#a0ffcb00"
                    android:angle="270"
                    />
            </shape>
        </clip>
    </item>
    <item
        android:id="@android:id/progress"
        >
        <clip>
            <shape>
                <gradient
                    android:startColor="@color/colorApp"
                    android:endColor="@color/colorApp"
                    android:angle="270" />
            </shape>
        </clip>
    </item>

</layer-list>